Tube Coefficients,Value
"C_x1,0",0.275
"C_x1,1",0.5
"C_x2,0",0.275
"C_x2,1",0.3
Tube Coefficients,Value
"C_x1,0",2.0808263544402443
"C_x1,1",0.0
"C_x1,2",0.046136536666770804
"C_x1,3",-0.0014187432690604895
"C_x2,0",6.003510578870179
"C_x2,1",-0.7415473779763962
"C_x2,2",0.047343062635290735
"C_x2,3",0.0
